,MOON-USD,ALIAS-USD,BCA-USD,GRC-USD,XLQ-USD,FLASH-USD,DCY-USD,ZNN-USD,CUT-USD,DNT-USD
2021-01-11,-0.89758768215973,-0.6194211328129549,-0.5045111828042901,-0.42706613727986953,-0.41629681214625536,-0.4066104330454634,-0.3931516333171715,-0.3916333043775584,-0.3889699231745569,-0.381939229871605
