,COMP2-USD,COMP1-USD,ZEN-USD,XRC-USD,BCD-USD,VRA-USD,LCC-USD,ZYN-USD,ZEC-USD,DASH-USD
2021-01-11,1.5510407428472672,1.4303376815996875,0.6351382550104188,0.577423403590146,0.40643505794007884,0.3211115203927555,0.318601117066049,0.31328996710686763,0.27079839569889086,0.2609467248207764
