,MTC2-USD,JUL-USD,DUN-USD,GCC2-USD,BPS-USD,GCC1-USD,SCC4-USD,MTC1-USD,NVT-USD,SCC1-USD
2021-01-16,-0.550413805446352,-0.5169133572571711,-0.47011382597893014,-0.45283706550958625,-0.3940369107876279,-0.35261537885285477,-0.34791538271826494,-0.34446759237654156,-0.3104879986919348,-0.30821397426604713
